text,label
Official report about economy growth 0,1
Official report about economy growth 1,1
Official report about economy growth 2,1
Official report about economy growth 3,1
Official report about economy growth 4,1
Official report about economy growth 5,1
Official report about economy growth 6,1
Official report about economy growth 7,1
Official report about economy growth 8,1
Official report about economy growth 9,1
Official report about economy growth 10,1
Official report about economy growth 11,1
Official report about economy growth 12,1
Official report about economy growth 13,1
Official report about economy growth 14,1
Official report about economy growth 15,1
Official report about economy growth 16,1
Official report about economy growth 17,1
Official report about economy growth 18,1
Official report about economy growth 19,1
Official report about economy growth 20,1
Official report about economy growth 21,1
Official report about economy growth 22,1
Official report about economy growth 23,1
Official report about economy growth 24,1
Official report about economy growth 25,1
Official report about economy growth 26,1
Official report about economy growth 27,1
Official report about economy growth 28,1
Official report about economy growth 29,1
Official report about economy growth 30,1
Official report about economy growth 31,1
Official report about economy growth 32,1
Official report about economy growth 33,1
Official report about economy growth 34,1
Official report about economy growth 35,1
Official report about economy growth 36,1
Official report about economy growth 37,1
Official report about economy growth 38,1
Official report about economy growth 39,1
Official report about economy growth 40,1
Official report about economy growth 41,1
Official report about economy growth 42,1
Official report about economy growth 43,1
Official report about economy growth 44,1
Official report about economy growth 45,1
Official report about economy growth 46,1
Official report about economy growth 47,1
Official report about economy growth 48,1
Official report about economy growth 49,1
Official report about economy growth 50,1
Official report about economy growth 51,1
Official report about economy growth 52,1
Official report about economy growth 53,1
Official report about economy growth 54,1
Official report about economy growth 55,1
Official report about economy growth 56,1
Official report about economy growth 57,1
Official report about economy growth 58,1
Official report about economy growth 59,1
Official report about economy growth 60,1
Official report about economy growth 61,1
Official report about economy growth 62,1
Official report about economy growth 63,1
Official report about economy growth 64,1
Official report about economy growth 65,1
Official report about economy growth 66,1
Official report about economy growth 67,1
Official report about economy growth 68,1
Official report about economy growth 69,1
Official report about economy growth 70,1
Official report about economy growth 71,1
Official report about economy growth 72,1
Official report about economy growth 73,1
Official report about economy growth 74,1
Official report about economy growth 75,1
Official report about economy growth 76,1
Official report about economy growth 77,1
Official report about economy growth 78,1
Official report about economy growth 79,1
Official report about economy growth 80,1
Official report about economy growth 81,1
Official report about economy growth 82,1
Official report about economy growth 83,1
Official report about economy growth 84,1
Official report about economy growth 85,1
Official report about economy growth 86,1
Official report about economy growth 87,1
Official report about economy growth 88,1
Official report about economy growth 89,1
Official report about economy growth 90,1
Official report about economy growth 91,1
Official report about economy growth 92,1
Official report about economy growth 93,1
Official report about economy growth 94,1
Official report about economy growth 95,1
Official report about economy growth 96,1
Official report about economy growth 97,1
Official report about economy growth 98,1
Official report about economy growth 99,1
Official report about economy growth 100,1
Official report about economy growth 101,1
Official report about economy growth 102,1
Official report about economy growth 103,1
Official report about economy growth 104,1
Official report about economy growth 105,1
Official report about economy growth 106,1
Official report about economy growth 107,1
Official report about economy growth 108,1
Official report about economy growth 109,1
Official report about economy growth 110,1
Official report about economy growth 111,1
Official report about economy growth 112,1
Official report about economy growth 113,1
Official report about economy growth 114,1
Official report about economy growth 115,1
Official report about economy growth 116,1
Official report about economy growth 117,1
Official report about economy growth 118,1
Official report about economy growth 119,1
Official report about economy growth 120,1
Official report about economy growth 121,1
Official report about economy growth 122,1
Official report about economy growth 123,1
Official report about economy growth 124,1
Official report about economy growth 125,1
Official report about economy growth 126,1
Official report about economy growth 127,1
Official report about economy growth 128,1
Official report about economy growth 129,1
Official report about economy growth 130,1
Official report about economy growth 131,1
Official report about economy growth 132,1
Official report about economy growth 133,1
Official report about economy growth 134,1
Official report about economy growth 135,1
Official report about economy growth 136,1
Official report about economy growth 137,1
Official report about economy growth 138,1
Official report about economy growth 139,1
Official report about economy growth 140,1
Official report about economy growth 141,1
Official report about economy growth 142,1
Official report about economy growth 143,1
Official report about economy growth 144,1
Official report about economy growth 145,1
Official report about economy growth 146,1
Official report about economy growth 147,1
Official report about economy growth 148,1
Official report about economy growth 149,1
Official report about economy growth 150,1
Official report about economy growth 151,1
Official report about economy growth 152,1
Official report about economy growth 153,1
Official report about economy growth 154,1
Official report about economy growth 155,1
Official report about economy growth 156,1
Official report about economy growth 157,1
Official report about economy growth 158,1
Official report about economy growth 159,1
Official report about economy growth 160,1
Official report about economy growth 161,1
Official report about economy growth 162,1
Official report about economy growth 163,1
Official report about economy growth 164,1
Official report about economy growth 165,1
Official report about economy growth 166,1
Official report about economy growth 167,1
Official report about economy growth 168,1
Official report about economy growth 169,1
Official report about economy growth 170,1
Official report about economy growth 171,1
Official report about economy growth 172,1
Official report about economy growth 173,1
Official report about economy growth 174,1
Official report about economy growth 175,1
Official report about economy growth 176,1
Official report about economy growth 177,1
Official report about economy growth 178,1
Official report about economy growth 179,1
Official report about economy growth 180,1
Official report about economy growth 181,1
Official report about economy growth 182,1
Official report about economy growth 183,1
Official report about economy growth 184,1
Official report about economy growth 185,1
Official report about economy growth 186,1
Official report about economy growth 187,1
Official report about economy growth 188,1
Official report about economy growth 189,1
Official report about economy growth 190,1
Official report about economy growth 191,1
Official report about economy growth 192,1
Official report about economy growth 193,1
Official report about economy growth 194,1
Official report about economy growth 195,1
Official report about economy growth 196,1
Official report about economy growth 197,1
Official report about economy growth 198,1
Official report about economy growth 199,1
Official report about economy growth 200,1
Official report about economy growth 201,1
Official report about economy growth 202,1
Official report about economy growth 203,1
Official report about economy growth 204,1
Official report about economy growth 205,1
Official report about economy growth 206,1
Official report about economy growth 207,1
Official report about economy growth 208,1
Official report about economy growth 209,1
Official report about economy growth 210,1
Official report about economy growth 211,1
Official report about economy growth 212,1
Official report about economy growth 213,1
Official report about economy growth 214,1
Official report about economy growth 215,1
Official report about economy growth 216,1
Official report about economy growth 217,1
Official report about economy growth 218,1
Official report about economy growth 219,1
Official report about economy growth 220,1
Official report about economy growth 221,1
Official report about economy growth 222,1
Official report about economy growth 223,1
Official report about economy growth 224,1
Official report about economy growth 225,1
Official report about economy growth 226,1
Official report about economy growth 227,1
Official report about economy growth 228,1
Official report about economy growth 229,1
Official report about economy growth 230,1
Official report about economy growth 231,1
Official report about economy growth 232,1
Official report about economy growth 233,1
Official report about economy growth 234,1
Official report about economy growth 235,1
Official report about economy growth 236,1
Official report about economy growth 237,1
Official report about economy growth 238,1
Official report about economy growth 239,1
Official report about economy growth 240,1
Official report about economy growth 241,1
Official report about economy growth 242,1
Official report about economy growth 243,1
Official report about economy growth 244,1
Official report about economy growth 245,1
Official report about economy growth 246,1
Official report about economy growth 247,1
Official report about economy growth 248,1
Official report about economy growth 249,1
Official report about economy growth 250,1
Official report about economy growth 251,1
Official report about economy growth 252,1
Official report about economy growth 253,1
Official report about economy growth 254,1
Official report about economy growth 255,1
Official report about economy growth 256,1
Official report about economy growth 257,1
Official report about economy growth 258,1
Official report about economy growth 259,1
Official report about economy growth 260,1
Official report about economy growth 261,1
Official report about economy growth 262,1
Official report about economy growth 263,1
Official report about economy growth 264,1
Official report about economy growth 265,1
Official report about economy growth 266,1
Official report about economy growth 267,1
Official report about economy growth 268,1
Official report about economy growth 269,1
Official report about economy growth 270,1
Official report about economy growth 271,1
Official report about economy growth 272,1
Official report about economy growth 273,1
Official report about economy growth 274,1
Official report about economy growth 275,1
Official report about economy growth 276,1
Official report about economy growth 277,1
Official report about economy growth 278,1
Official report about economy growth 279,1
Official report about economy growth 280,1
Official report about economy growth 281,1
Official report about economy growth 282,1
Official report about economy growth 283,1
Official report about economy growth 284,1
Official report about economy growth 285,1
Official report about economy growth 286,1
Official report about economy growth 287,1
Official report about economy growth 288,1
Official report about economy growth 289,1
Official report about economy growth 290,1
Official report about economy growth 291,1
Official report about economy growth 292,1
Official report about economy growth 293,1
Official report about economy growth 294,1
Official report about economy growth 295,1
Official report about economy growth 296,1
Official report about economy growth 297,1
Official report about economy growth 298,1
Official report about economy growth 299,1
Unbelievable secret conspiracy story 0,0
Unbelievable secret conspiracy story 1,0
Unbelievable secret conspiracy story 2,0
Unbelievable secret conspiracy story 3,0
Unbelievable secret conspiracy story 4,0
Unbelievable secret conspiracy story 5,0
Unbelievable secret conspiracy story 6,0
Unbelievable secret conspiracy story 7,0
Unbelievable secret conspiracy story 8,0
Unbelievable secret conspiracy story 9,0
Unbelievable secret conspiracy story 10,0
Unbelievable secret conspiracy story 11,0
Unbelievable secret conspiracy story 12,0
Unbelievable secret conspiracy story 13,0
Unbelievable secret conspiracy story 14,0
Unbelievable secret conspiracy story 15,0
Unbelievable secret conspiracy story 16,0
Unbelievable secret conspiracy story 17,0
Unbelievable secret conspiracy story 18,0
Unbelievable secret conspiracy story 19,0
Unbelievable secret conspiracy story 20,0
Unbelievable secret conspiracy story 21,0
Unbelievable secret conspiracy story 22,0
Unbelievable secret conspiracy story 23,0
Unbelievable secret conspiracy story 24,0
Unbelievable secret conspiracy story 25,0
Unbelievable secret conspiracy story 26,0
Unbelievable secret conspiracy story 27,0
Unbelievable secret conspiracy story 28,0
Unbelievable secret conspiracy story 29,0
Unbelievable secret conspiracy story 30,0
Unbelievable secret conspiracy story 31,0
Unbelievable secret conspiracy story 32,0
Unbelievable secret conspiracy story 33,0
Unbelievable secret conspiracy story 34,0
Unbelievable secret conspiracy story 35,0
Unbelievable secret conspiracy story 36,0
Unbelievable secret conspiracy story 37,0
Unbelievable secret conspiracy story 38,0
Unbelievable secret conspiracy story 39,0
Unbelievable secret conspiracy story 40,0
Unbelievable secret conspiracy story 41,0
Unbelievable secret conspiracy story 42,0
Unbelievable secret conspiracy story 43,0
Unbelievable secret conspiracy story 44,0
Unbelievable secret conspiracy story 45,0
Unbelievable secret conspiracy story 46,0
Unbelievable secret conspiracy story 47,0
Unbelievable secret conspiracy story 48,0
Unbelievable secret conspiracy story 49,0
Unbelievable secret conspiracy story 50,0
Unbelievable secret conspiracy story 51,0
Unbelievable secret conspiracy story 52,0
Unbelievable secret conspiracy story 53,0
Unbelievable secret conspiracy story 54,0
Unbelievable secret conspiracy story 55,0
Unbelievable secret conspiracy story 56,0
Unbelievable secret conspiracy story 57,0
Unbelievable secret conspiracy story 58,0
Unbelievable secret conspiracy story 59,0
Unbelievable secret conspiracy story 60,0
Unbelievable secret conspiracy story 61,0
Unbelievable secret conspiracy story 62,0
Unbelievable secret conspiracy story 63,0
Unbelievable secret conspiracy story 64,0
Unbelievable secret conspiracy story 65,0
Unbelievable secret conspiracy story 66,0
Unbelievable secret conspiracy story 67,0
Unbelievable secret conspiracy story 68,0
Unbelievable secret conspiracy story 69,0
Unbelievable secret conspiracy story 70,0
Unbelievable secret conspiracy story 71,0
Unbelievable secret conspiracy story 72,0
Unbelievable secret conspiracy story 73,0
Unbelievable secret conspiracy story 74,0
Unbelievable secret conspiracy story 75,0
Unbelievable secret conspiracy story 76,0
Unbelievable secret conspiracy story 77,0
Unbelievable secret conspiracy story 78,0
Unbelievable secret conspiracy story 79,0
Unbelievable secret conspiracy story 80,0
Unbelievable secret conspiracy story 81,0
Unbelievable secret conspiracy story 82,0
Unbelievable secret conspiracy story 83,0
Unbelievable secret conspiracy story 84,0
Unbelievable secret conspiracy story 85,0
Unbelievable secret conspiracy story 86,0
Unbelievable secret conspiracy story 87,0
Unbelievable secret conspiracy story 88,0
Unbelievable secret conspiracy story 89,0
Unbelievable secret conspiracy story 90,0
Unbelievable secret conspiracy story 91,0
Unbelievable secret conspiracy story 92,0
Unbelievable secret conspiracy story 93,0
Unbelievable secret conspiracy story 94,0
Unbelievable secret conspiracy story 95,0
Unbelievable secret conspiracy story 96,0
Unbelievable secret conspiracy story 97,0
Unbelievable secret conspiracy story 98,0
Unbelievable secret conspiracy story 99,0
Unbelievable secret conspiracy story 100,0
Unbelievable secret conspiracy story 101,0
Unbelievable secret conspiracy story 102,0
Unbelievable secret conspiracy story 103,0
Unbelievable secret conspiracy story 104,0
Unbelievable secret conspiracy story 105,0
Unbelievable secret conspiracy story 106,0
Unbelievable secret conspiracy story 107,0
Unbelievable secret conspiracy story 108,0
Unbelievable secret conspiracy story 109,0
Unbelievable secret conspiracy story 110,0
Unbelievable secret conspiracy story 111,0
Unbelievable secret conspiracy story 112,0
Unbelievable secret conspiracy story 113,0
Unbelievable secret conspiracy story 114,0
Unbelievable secret conspiracy story 115,0
Unbelievable secret conspiracy story 116,0
Unbelievable secret conspiracy story 117,0
Unbelievable secret conspiracy story 118,0
Unbelievable secret conspiracy story 119,0
Unbelievable secret conspiracy story 120,0
Unbelievable secret conspiracy story 121,0
Unbelievable secret conspiracy story 122,0
Unbelievable secret conspiracy story 123,0
Unbelievable secret conspiracy story 124,0
Unbelievable secret conspiracy story 125,0
Unbelievable secret conspiracy story 126,0
Unbelievable secret conspiracy story 127,0
Unbelievable secret conspiracy story 128,0
Unbelievable secret conspiracy story 129,0
Unbelievable secret conspiracy story 130,0
Unbelievable secret conspiracy story 131,0
Unbelievable secret conspiracy story 132,0
Unbelievable secret conspiracy story 133,0
Unbelievable secret conspiracy story 134,0
Unbelievable secret conspiracy story 135,0
Unbelievable secret conspiracy story 136,0
Unbelievable secret conspiracy story 137,0
Unbelievable secret conspiracy story 138,0
Unbelievable secret conspiracy story 139,0
Unbelievable secret conspiracy story 140,0
Unbelievable secret conspiracy story 141,0
Unbelievable secret conspiracy story 142,0
Unbelievable secret conspiracy story 143,0
Unbelievable secret conspiracy story 144,0
Unbelievable secret conspiracy story 145,0
Unbelievable secret conspiracy story 146,0
Unbelievable secret conspiracy story 147,0
Unbelievable secret conspiracy story 148,0
Unbelievable secret conspiracy story 149,0
Unbelievable secret conspiracy story 150,0
Unbelievable secret conspiracy story 151,0
Unbelievable secret conspiracy story 152,0
Unbelievable secret conspiracy story 153,0
Unbelievable secret conspiracy story 154,0
Unbelievable secret conspiracy story 155,0
Unbelievable secret conspiracy story 156,0
Unbelievable secret conspiracy story 157,0
Unbelievable secret conspiracy story 158,0
Unbelievable secret conspiracy story 159,0
Unbelievable secret conspiracy story 160,0
Unbelievable secret conspiracy story 161,0
Unbelievable secret conspiracy story 162,0
Unbelievable secret conspiracy story 163,0
Unbelievable secret conspiracy story 164,0
Unbelievable secret conspiracy story 165,0
Unbelievable secret conspiracy story 166,0
Unbelievable secret conspiracy story 167,0
Unbelievable secret conspiracy story 168,0
Unbelievable secret conspiracy story 169,0
Unbelievable secret conspiracy story 170,0
Unbelievable secret conspiracy story 171,0
Unbelievable secret conspiracy story 172,0
Unbelievable secret conspiracy story 173,0
Unbelievable secret conspiracy story 174,0
Unbelievable secret conspiracy story 175,0
Unbelievable secret conspiracy story 176,0
Unbelievable secret conspiracy story 177,0
Unbelievable secret conspiracy story 178,0
Unbelievable secret conspiracy story 179,0
Unbelievable secret conspiracy story 180,0
Unbelievable secret conspiracy story 181,0
Unbelievable secret conspiracy story 182,0
Unbelievable secret conspiracy story 183,0
Unbelievable secret conspiracy story 184,0
Unbelievable secret conspiracy story 185,0
Unbelievable secret conspiracy story 186,0
Unbelievable secret conspiracy story 187,0
Unbelievable secret conspiracy story 188,0
Unbelievable secret conspiracy story 189,0
Unbelievable secret conspiracy story 190,0
Unbelievable secret conspiracy story 191,0
Unbelievable secret conspiracy story 192,0
Unbelievable secret conspiracy story 193,0
Unbelievable secret conspiracy story 194,0
Unbelievable secret conspiracy story 195,0
Unbelievable secret conspiracy story 196,0
Unbelievable secret conspiracy story 197,0
Unbelievable secret conspiracy story 198,0
Unbelievable secret conspiracy story 199,0
Unbelievable secret conspiracy story 200,0
Unbelievable secret conspiracy story 201,0
Unbelievable secret conspiracy story 202,0
Unbelievable secret conspiracy story 203,0
Unbelievable secret conspiracy story 204,0
Unbelievable secret conspiracy story 205,0
Unbelievable secret conspiracy story 206,0
Unbelievable secret conspiracy story 207,0
Unbelievable secret conspiracy story 208,0
Unbelievable secret conspiracy story 209,0
Unbelievable secret conspiracy story 210,0
Unbelievable secret conspiracy story 211,0
Unbelievable secret conspiracy story 212,0
Unbelievable secret conspiracy story 213,0
Unbelievable secret conspiracy story 214,0
Unbelievable secret conspiracy story 215,0
Unbelievable secret conspiracy story 216,0
Unbelievable secret conspiracy story 217,0
Unbelievable secret conspiracy story 218,0
Unbelievable secret conspiracy story 219,0
Unbelievable secret conspiracy story 220,0
Unbelievable secret conspiracy story 221,0
Unbelievable secret conspiracy story 222,0
Unbelievable secret conspiracy story 223,0
Unbelievable secret conspiracy story 224,0
Unbelievable secret conspiracy story 225,0
Unbelievable secret conspiracy story 226,0
Unbelievable secret conspiracy story 227,0
Unbelievable secret conspiracy story 228,0
Unbelievable secret conspiracy story 229,0
Unbelievable secret conspiracy story 230,0
Unbelievable secret conspiracy story 231,0
Unbelievable secret conspiracy story 232,0
Unbelievable secret conspiracy story 233,0
Unbelievable secret conspiracy story 234,0
Unbelievable secret conspiracy story 235,0
Unbelievable secret conspiracy story 236,0
Unbelievable secret conspiracy story 237,0
Unbelievable secret conspiracy story 238,0
Unbelievable secret conspiracy story 239,0
Unbelievable secret conspiracy story 240,0
Unbelievable secret conspiracy story 241,0
Unbelievable secret conspiracy story 242,0
Unbelievable secret conspiracy story 243,0
Unbelievable secret conspiracy story 244,0
Unbelievable secret conspiracy story 245,0
Unbelievable secret conspiracy story 246,0
Unbelievable secret conspiracy story 247,0
Unbelievable secret conspiracy story 248,0
Unbelievable secret conspiracy story 249,0
Unbelievable secret conspiracy story 250,0
Unbelievable secret conspiracy story 251,0
Unbelievable secret conspiracy story 252,0
Unbelievable secret conspiracy story 253,0
Unbelievable secret conspiracy story 254,0
Unbelievable secret conspiracy story 255,0
Unbelievable secret conspiracy story 256,0
Unbelievable secret conspiracy story 257,0
Unbelievable secret conspiracy story 258,0
Unbelievable secret conspiracy story 259,0
Unbelievable secret conspiracy story 260,0
Unbelievable secret conspiracy story 261,0
Unbelievable secret conspiracy story 262,0
Unbelievable secret conspiracy story 263,0
Unbelievable secret conspiracy story 264,0
Unbelievable secret conspiracy story 265,0
Unbelievable secret conspiracy story 266,0
Unbelievable secret conspiracy story 267,0
Unbelievable secret conspiracy story 268,0
Unbelievable secret conspiracy story 269,0
Unbelievable secret conspiracy story 270,0
Unbelievable secret conspiracy story 271,0
Unbelievable secret conspiracy story 272,0
Unbelievable secret conspiracy story 273,0
Unbelievable secret conspiracy story 274,0
Unbelievable secret conspiracy story 275,0
Unbelievable secret conspiracy story 276,0
Unbelievable secret conspiracy story 277,0
Unbelievable secret conspiracy story 278,0
Unbelievable secret conspiracy story 279,0
Unbelievable secret conspiracy story 280,0
Unbelievable secret conspiracy story 281,0
Unbelievable secret conspiracy story 282,0
Unbelievable secret conspiracy story 283,0
Unbelievable secret conspiracy story 284,0
Unbelievable secret conspiracy story 285,0
Unbelievable secret conspiracy story 286,0
Unbelievable secret conspiracy story 287,0
Unbelievable secret conspiracy story 288,0
Unbelievable secret conspiracy story 289,0
Unbelievable secret conspiracy story 290,0
Unbelievable secret conspiracy story 291,0
Unbelievable secret conspiracy story 292,0
Unbelievable secret conspiracy story 293,0
Unbelievable secret conspiracy story 294,0
Unbelievable secret conspiracy story 295,0
Unbelievable secret conspiracy story 296,0
Unbelievable secret conspiracy story 297,0
Unbelievable secret conspiracy story 298,0
Unbelievable secret conspiracy story 299,0
